urlid,label
5865,0.861163847913
782,0.209190243626
6962,0.367134139831
7640,0.152226658597
3589,0.481973136426
6719,0.370929450179
3905,0.337508341115
9841,0.951242711527
7447,0.227502275539
4776,0.314004176354
2879,0.555196675072
2620,0.501913149379
10479,0.156250569614
1105,0.268027380312
1849,0.475233121854
8286,0.515567759391
8344,0.897258318225
10486,0.939501275678
8661,0.969381460362
7188,0.296146488836
1433,0.969118839352
677,0.724960392716
469,0.831140752237
6988,0.147587059417
8024,0.151837725726
6896,0.301076785013
9154,0.310352182529
342,0.591230274615
50,0.273237945746
983,0.125866091163
6933,0.278152468892
8271,0.173498374448
5602,0.257125210077
4505,0.257088831667
4966,0.918493047792
2390,0.236455566133
6736,0.477155737745
4660,0.903483764588
7560,0.831106241489
3840,0.52512366999
5823,0.818739169121
5789,0.944277648074
1595,0.190768056317
6770,0.691946097628
3522,0.879134484163
5584,0.821527668242
8323,0.842728196629
3862,0.56708021076
373,0.285650992524
7345,0.286026684283
7708,0.897960489719
1398,0.840352475765
4298,0.261988164872
7467,0.107465164284
1878,0.805583553285
1832,0.2918985444
625,0.373152457824
7438,0.217065777418
9961,0.907843497867
7117,0.224078091991
8190,0.245026026666
1713,0.682333501592
949,0.228130149079
9246,0.179781641225
2326,0.243033976076
8942,0.197320245888
4458,0.556119699251
4659,0.448116787948
9522,0.250183008337
2497,0.823103962362
9836,0.369752815222
3808,0.912224897258
5575,0.899955808271
5714,0.356703300039
2490,0.787201553881
6812,0.373252447441
4335,0.159327946958
10014,0.946186931653
5889,0.759010728164
482,0.903477289296
8082,0.136062347042
5856,0.889899256539
8866,0.431839172455
2624,0.946171740386
1371,0.814127205456
4436,0.176955233384
2972,0.925388925004
3638,0.774024540344
6249,0.515775174826
7602,0.188184176211
9624,0.94487513817
7567,0.275766434134
6578,0.298594253069
7590,0.729646563775
8590,0.852052703869
10520,0.744088274197
1906,0.411342979272
1373,0.255192731694
1601,0.905535081627
4754,0.268323711077
8208,0.232919661129
1658,0.921981399288
1352,0.951795346005
8143,0.858314397836
7760,0.59570879399
7836,0.494111670241
9769,0.324955184222
503,0.700364763812
4909,0.193118183805
7162,0.264991212597
10035,0.624189551103
1992,0.515864526855
6133,0.264753813924
8519,0.278016859291
1879,0.424202785795
7107,0.40562929499
1225,0.589999959861
2451,0.717047531916
8252,0.146853562271
9214,0.668254959483
4850,0.932890603812
5891,0.147197408612
5274,0.366146716346
8623,0.0845443197534
562,0.85864314228
860,0.268472024265
4199,0.889917568626
7616,0.265344677559
10544,0.40223875644
1567,0.89959163785
6552,0.246966111887
954,0.208113266901
111,0.330075764596
7036,0.662250336272
1995,0.93296565464
7095,0.28335323195
10180,0.567136447852
6872,0.895813276483
4805,0.918905807779
355,0.755356749951
8097,0.945335788724
9271,0.9028862157
431,0.364323660522
1646,0.527414070565
143,0.938883102538
3436,0.237112407994
150,0.639036509536
9745,0.193886291267
715,0.275469843871
578,0.281818638423
8684,0.888842263769
1186,0.79463192954
9115,0.451924309032
9239,0.164088466585
5461,0.958021426202
5424,0.566136660359
1349,0.923140419113
609,0.872960103854
7569,0.313853371656
1622,0.453676131586
6541,0.133561162772
9873,0.862369648107
305,0.211663267638
6041,0.364644268927
5360,0.38651259062
8445,0.819733364879
7260,0.293214995988
4526,0.92976790035
138,0.499231178204
168,0.21254627428
7888,0.855087792756
4639,0.806977368214
867,0.28174607728
9673,0.980086661148
710,0.330835115204
4749,0.231847676012
4716,0.114815701211
410,0.872839520322
2155,0.939867552696
3289,0.384591754884
7774,0.322638624983
1200,0.315185935613
9057,0.371764096822
2261,0.213316108313
9612,0.28274761222
4987,0.485998373238
3605,0.911819982292
5068,0.911556037343
4474,0.911498290108
5831,0.820499827496
4729,0.291352247619
10060,0.458872910286
6895,0.234334855783
3791,0.924362645136
7910,0.188766752591
4209,0.134981746188
4984,0.832756486814
1773,0.261751011048
2101,0.266372658024
7251,0.184056725793
2887,0.409823780882
875,0.503345689421
8185,0.255686757609
9688,0.937536086776
5342,0.197765104457
6802,0.548173613204
3077,0.36881665116
712,0.199511815677
3026,0.432344086616
2640,0.332227762427
4872,0.479456972943
3334,0.915130052232
2431,0.418018522665
9218,0.280473750975
7417,0.721181213493
3563,0.956141369079
1006,0.357432534268
8940,0.293131669747
7703,0.12695387785
2686,0.19611524132
8159,0.972602415028
37,0.303425595571
65,0.233961468669
1910,0.371190054453
2202,0.927541255527
9717,0.847565764177
2388,0.835416935967
2365,0.293841778475
5072,0.463908582764
4614,0.205323195236
6955,0.443918087342
4094,0.202605451698
3319,0.943776990471
1456,0.939447125907
5381,0.849270717409
4479,0.558167454324
4766,0.227932759657
6076,0.819997717055
8064,0.412851596773
3416,0.959036952045
4892,0.24378408692
9942,0.917845876594
9215,0.464918061251
4506,0.753339338376
9275,0.397463737358
1306,0.918433984955
6828,0.937479474624
8368,0.601383643929
7205,0.136749113316
360,0.850469421184
3386,0.256216029048
3835,0.529830243032
1305,0.202517385051
7963,0.159783401689
2073,0.478494392865
4230,0.369444931732
9012,0.165824243698
2723,0.940094084916
6788,0.90455374782
7945,0.196975545744
4868,0.911207549731
6597,0.48746566347
7323,0.119673310433
6229,0.256854696793
3427,0.466429888772
7727,0.219439474783
4707,0.94742189861
2547,0.800099083487
4523,0.948645377529
9648,0.25407770612
1084,0.177818606144
3327,0.931599072691
5591,0.199919767227
186,0.147945467991
2938,0.342841969505
9912,0.870759924277
6047,0.361007029718
2417,0.787745695018
10533,0.20549638952
1137,0.386743454042
1533,0.925066457222
9233,0.466970020022
43,0.128372200878
8986,0.23892322527
6000,0.955435657793
480,0.270437886624
2457,0.418965833264
5362,0.204527399451
7722,0.360047254309
7940,0.77879221898
6104,0.904906297895
8853,0.121769522683
5813,0.734999980142
4769,0.310060406214
2544,0.544355991779
6379,0.169798827438
5262,0.159150667439
9885,0.221919427877
10081,0.313997476676
1315,0.338535738237
3388,0.14125591759
3473,0.868818968323
2117,0.473313631313
9411,0.311476902399
9379,0.958510081904
4236,0.20424942582
2049,0.128605662756
4786,0.302803116363
1604,0.284377608962
7659,0.210268948106
8152,0.227190903159
5417,0.297003205576
160,0.228800042737
6826,0.904988241883
1815,0.432332715064
3647,0.697124079999
5605,0.235654261636
3526,0.893330537437
3854,0.90696419159
1053,0.150163351217
2411,0.345005114821
6015,0.397555690973
2089,0.959100677243
7745,0.823122034267
6816,0.476179176852
3934,0.41276216205
6547,0.211560323096
3758,0.895116620551
7158,0.731765767401
1584,0.155307095431
2982,0.911813001451
7679,0.872842750654
5286,0.942963771271
3776,0.783378192865
1235,0.500174742047
6294,0.610552553738
1012,0.691948464796
10318,0.12513598454
7134,0.316402989169
5180,0.684339562757
2108,0.371582050829
3639,0.414062070515
6729,0.253779323206
2472,0.306997330346
10235,0.458534200037
190,0.870628614632
4713,0.717587912668
6827,0.298892149039
6108,0.915551649821
1114,0.960676144225
4848,0.356553502941
606,0.296251614735
1573,0.716867679286
8546,0.349239337688
5193,0.275139495003
2936,0.254936855827
5104,0.656559465468
6712,0.65815454104
3055,0.204787630411
74,0.912992716149
7726,0.679247371649
9183,0.394299766139
162,0.148650731965
7288,0.437203779726
8657,0.840871040268
1295,0.23327929416
8207,0.560634775998
4433,0.902713420952
590,0.912076939359
10549,0.209616165986
7749,0.529586035875
405,0.957749018693
10267,0.894016600101
7133,0.340168758562
7584,0.602571540991
6616,0.823017225124
1719,0.418540623152
9761,0.801192057944
5859,0.291072461974
5662,0.181259756429
1736,0.325010322666
9333,0.458432647267
1102,0.179080737668
2790,0.517983096671
6598,0.861570410289
7995,0.925373695319
4452,0.878360139987
159,0.318053611594
511,0.790607030738
7006,0.869549044368
1123,0.820327274127
6073,0.363168814343
7094,0.154502487784
10008,0.334262684203
7573,0.179051835743
679,0.321141712015
6809,0.313311812139
1108,0.159431730835
380,0.119114611789
204,0.141120578708
7075,0.250624965744
2550,0.544048167801
9785,0.310547841002
5036,0.487382998247
3129,0.329830064429
6495,0.811480591962
880,0.238180223309
2360,0.287559120299
7839,0.301826330249
350,0.415449247157
9151,0.882165921477
6650,0.436450874609
7208,0.574437560739
5840,0.25452739393
5997,0.198350878874
2103,0.888406976075
713,0.588347753587
7771,0.284576709293
10255,0.329232485219
3944,0.987619111912
4250,0.255247932518
2833,0.226179078525
3052,0.324753229866
7855,0.973664232137
4152,0.275631778821
4445,0.883924336289
10036,0.699034807474
9727,0.300022270718
2234,0.266456414362
9632,0.911589162124
626,0.258576032452
1644,0.194508580945
4859,0.945581977472
3987,0.208781737803
5884,0.965107871593
4112,0.789052097146
10392,0.116368293573
2962,0.249856350608
21,0.322634594134
8524,0.934049199684
2543,0.302695104344
663,0.315306814006
2748,0.718219137557
3451,0.261678355124
964,0.884383241621
10560,0.643533551421
2428,0.317003453467
4520,0.292503865633
7660,0.799377750185
6583,0.503993893463
10390,0.283671136289
688,0.159430602427
7957,0.876837636623
3356,0.714968361837
1766,0.269897479574
9128,0.452337604402
2340,0.287586713835
9421,0.212313533884
7712,0.452001077035
8200,0.11771764682
8762,0.240931449539
6446,0.464765779434
5194,0.124203259388
960,0.391855956428
779,0.96366848254
3584,0.387452878258
3011,0.324373523901
2769,0.309257740613
1392,0.427654041131
7254,0.938472289065
9084,0.441686011893
9622,0.285037251645
3665,0.269333500259
1609,0.239945436811
6130,0.236926611997
10155,0.193450511477
7826,0.899406664012
8300,0.400196071935
5038,0.557014799084
7582,0.755930093531
9561,0.159110569575
7430,0.794875510701
5045,0.740495455991
10421,0.195853784242
5675,0.287664329128
4687,0.256854455308
4944,0.879534345409
5105,0.903800066818
148,0.333429614185
6371,0.154894771993
8108,0.309297043817
4354,0.374037848521
6077,0.754920896006
4292,0.501913149379
10068,0.409786157783
5821,0.366974839794
1042,0.82576162415
7715,0.27446811617
9703,0.253720283746
2761,0.351364902376
7002,0.21097826099
7313,0.466777280255
9050,0.270157154998
5518,0.243466218585
10556,0.842652574943
1078,0.15917785443
9699,0.489245375262
10445,0.889273278155
8748,0.684927950078
2960,0.302574204115
4317,0.236678023402
939,0.161756539429
8423,0.226936572172
5196,0.192363870771
8151,0.254554510402
7199,0.916129862159
1574,0.33786726179
8566,0.355141798116
7389,0.306859283585
1177,0.383836236034
10282,0.694439662496
10098,0.592892834548
4512,0.318269776062
4055,0.897814945545
8431,0.651920704051
4532,0.383768479207
10450,0.229518329229
5754,0.806061825755
1882,0.885853334674
1563,0.90593698375
4871,0.903763513501
8440,0.337517660467
3253,0.711229565544
8270,0.347285640535
4610,0.169619339127
9619,0.244607811634
8786,0.135525242298
2889,0.852681449944
9781,0.266776934286
5061,0.270490805679
7059,0.941402563716
2064,0.936443051139
1587,0.468027563722
1934,0.935842720108
5516,0.250611512138
9853,0.331409381837
7867,0.367927400609
1556,0.555422192868
5495,0.355840490471
4274,0.198530921026
8177,0.3192600459
9491,0.937930757871
9813,0.264304436911
2205,0.228536557153
2710,0.46799858559
2992,0.227532559874
7998,0.290881587738
6428,0.567483262151
6638,0.272198059579
3035,0.654627455036
1578,0.329361362465
1324,0.549865352196
2316,0.932678217518
9326,0.378039822163
7359,0.915155175881
7741,0.607673185086
5143,0.212125908902
8196,0.557151404201
630,0.185884937718
8481,0.869062298322
8497,0.223303896121
5409,0.846803067806
5749,0.375755109112
8219,0.663257040437
9571,0.83449576829
4886,0.904842368268
5367,0.274813405054
1185,0.302252330842
8291,0.306649572854
1590,0.368978146842
7698,0.358171615073
51,0.460825453356
8784,0.21360960446
3928,0.226104290106
5987,0.162414369219
7008,0.92603269282
7482,0.878203281719
9374,0.177546744027
1296,0.583017695734
10289,0.87543511585
2986,0.233902154931
4651,0.219241816434
8594,0.432816663775
7469,0.763346071709
2871,0.250291927579
1903,0.948342809548
8571,0.934662289467
4832,0.884092281506
1242,0.528251512922
7115,0.319187317488
3599,0.38311397406
2065,0.402802567653
4529,0.340101739221
763,0.367145097254
6698,0.940311702767
2002,0.952263020229
2020,0.796454840803
5229,0.389761192749
8243,0.258437255304
6936,0.830333786377
9360,0.969460217603
4360,0.257552155919
7951,0.260318432897
6701,0.533730768618
7574,0.953351855462
2426,0.207522126657
1681,0.923631598505
7135,0.357052497636
3688,0.227938657607
3872,0.335957139413
558,0.138829300933
2228,0.577559944354
8170,0.313174568747
7171,0.28872726744
7756,0.191399914805
3609,0.220218109483
3985,0.368430996589
1139,0.255070705618
3453,0.634046262136
7583,0.283042938896
9788,0.893787829606
10175,0.652200280703
6059,0.226328887995
104,0.232994524079
10168,0.285836322968
8902,0.934483255655
5343,0.948459740982
4239,0.171841177943
6767,0.427052540429
6269,0.21007669945
6682,0.229902582595
9558,0.279694865801
2416,0.355513758952
6592,0.263956104292
6196,0.301446229546
2751,0.965911955218
3412,0.823601720361
8302,0.849893613626
1120,0.672344319659
8005,0.158340547055
6637,0.282532832447
6440,0.296998110833
6679,0.919558463273
8039,0.919282059557
5357,0.905520198764
8844,0.877102071966
2964,0.215942159794
6040,0.234749513167
7259,0.693995878847
8974,0.63446123842
7439,0.119215156289
1045,0.149712845718
7706,0.234664371693
9724,0.208611769892
3698,0.259349061307
7339,0.933693564133
1749,0.197468703745
7257,0.238470950305
2963,0.936143172945
7775,0.348464027085
10501,0.223685168743
4258,0.92679927947
7908,0.96303574393
722,0.409518940087
6519,0.44375390538
6916,0.333443638769
4456,0.970712582536
2731,0.383636168039
917,0.824578828619
4107,0.433524092919
7894,0.501233786346
2540,0.15179667535
8455,0.913445846622
10406,0.942409851161
8909,0.219775882127
5489,0.258492628072
306,0.945276414217
3894,0.27557329905
2735,0.210616192692
4939,0.431307889907
1551,0.586514435326
777,0.580652076134
2160,0.911262754914
8599,0.906610219079
2727,0.232302184758
6362,0.266417780162
1417,0.902971164489
10343,0.122066492013
4866,0.936587143359
2682,0.396199329663
9856,0.135336781571
4498,0.295921903295
7450,0.181798639232
6899,0.27435094347
5649,0.893647515098
6086,0.318479744448
1618,0.187178657053
9926,0.15170804823
2847,0.236329684247
8099,0.636518892654
5724,0.341313276145
3358,0.173825295159
8136,0.267491706579
955,0.466973379514
8819,0.22251856365
5832,0.681018105595
10413,0.978237915447
6548,0.184267013256
8407,0.420555266305
10090,0.282795031654
8564,0.381396141506
808,0.877140093999
5303,0.228098897601
8913,0.839488847974
9425,0.894962712475
9543,0.955424454658
1219,0.575925388906
9575,0.836264094328
4019,0.554737450356
6223,0.931140510686
9588,0.17987616715
4739,0.243845234276
10492,0.784924334254
2017,0.369078788968
5524,0.916623339456
7449,0.896939799052
5734,0.228161813415
5456,0.25163257208
797,0.60954702505
5525,0.321926337186
8265,0.304174898871
1981,0.95444495804
8977,0.882121598987
6241,0.923288226444
6021,0.587369431338
7720,0.342929456183
8632,0.256368621504
6705,0.291367811332
2476,0.802719247983
3510,0.245760056406
8887,0.587732702317
10115,0.314608620525
9061,0.261982074461
5570,0.307021044043
2763,0.644882609853
1437,0.636669810134
3448,0.194540418358
3529,0.140589003107
3156,0.18848043784
4604,0.906646876113
6776,0.660278411052
10227,0.372068631662
1545,0.494885409856
10487,0.245699586462
993,0.330179445156
1161,0.954952818409
7975,0.900469129461
1591,0.180209319041
7804,0.914548951739
5048,0.291707077861
10454,0.933272671269
3567,0.276640641692
5886,0.499107712955
9937,0.317485020762
3931,0.558669202492
9706,0.948825132941
10193,0.496995593335
5569,0.943709286683
9747,0.336495693117
2217,0.937057612596
5936,0.175408251201
3885,0.785946350496
1086,0.278626201695
1799,0.487951626963
9763,0.628154689079
3299,0.21850019915
8268,0.923748162181
473,0.12056834182
337,0.879087202633
9381,0.735659463327
6426,0.392733396873
1210,0.348804139045
4986,0.745251113891
8285,0.392546274376
2024,0.572832581468
245,0.91777549485
4807,0.331041289363
2208,0.599740296179
9835,0.227239832347
8963,0.516810744858
9946,0.35262690048
5230,0.199867413815
2788,0.290596043748
674,0.568220747239
1629,0.840546985457
2300,0.384535239684
169,0.216623214681
3575,0.947412447882
6910,0.427162604131
1479,0.275733608044
10498,0.627645438444
8062,0.682395657406
9672,0.2901971506
9467,0.38757434586
6763,0.571999072544
8508,0.21461699019
1034,0.414775469515
3756,0.214674542075
9263,0.354347698066
8141,0.25135953045
532,0.975144846843
7022,0.239234524397
4024,0.283872647269
3298,0.33683016589
5641,0.197976726525
10455,0.210841668065
5206,0.951571387378
7005,0.236865982933
8971,0.172985234542
8358,0.756213242701
257,0.196353975071
78,0.87635796813
6333,0.480934528785
7969,0.183082412833
2505,0.519980320923
2004,0.801159398643
3748,0.512085587414
5668,0.519372101743
365,0.145735440068
9651,0.383693346736
2324,0.144085348608
3902,0.21406789952
9294,0.235115167638
5377,0.307827174345
2817,0.947648836297
7670,0.128998264894
4755,0.877174910617
255,0.934005421917
2714,0.545958665965
2922,0.336660400505
5517,0.675135106382
5157,0.825061103047
64,0.141825152968
5300,0.249380804097
451,0.199649438892
3941,0.79779635243
326,0.297193285348
3757,0.192083322059
8798,0.454719833199
2315,0.984793236514
6755,0.978025589905
2916,0.512719534991
7406,0.470518931544
3703,0.858007437923
5403,0.395886134637
622,0.274656226358
9,0.244748437374
5848,0.546248997572
8670,0.281438352811
1156,0.161983525576
10179,0.182034254961
2028,0.920589095482
3924,0.780141209396
620,0.148227791674
1963,0.766640456021
4537,0.383293855576
8970,0.31918481245
3024,0.951760909198
6140,0.886676041553
1866,0.233832080712
4442,0.920533229501
2312,0.382968155239
6749,0.433329277746
459,0.634741674935
1516,0.655149049595
8817,0.322956743913
4912,0.137176216301
2076,0.349467151772
10023,0.871042321095
7684,0.217934262535
3531,0.297841485816
6209,0.62081497247
10508,0.971233703449
8678,0.634233076697
3541,0.403515538639
1208,0.709406603063
4090,0.699103568988
1097,0.220792288113
5099,0.827571125294
2816,0.424866504592
4291,0.467234557141
1409,0.672756039179
6401,0.23286246411
4617,0.715328002254
6111,0.194046611365
6172,0.95987041374
10357,0.199027587757
8465,0.936970973788
3867,0.205959698754
9495,0.895436465832
4348,0.49508715673
7879,0.506923175837
9273,0.694822426905
3252,0.281858655418
9167,0.583531997184
2573,0.26969197108
7395,0.807543354337
9046,0.193801022023
1526,0.31744722836
9339,0.17415659561
10301,0.934412852989
7588,0.684627154634
1104,0.086875414074
1310,0.190244234586
6631,0.151966498962
10475,0.16287315934
9090,0.267668424733
1528,0.25654691852
1657,0.862422228654
1175,0.194013464309
1895,0.219263984673
3864,0.342564940331
4700,0.242835856803
3572,0.411789558934
10507,0.34775759213
269,0.463694698873
5744,0.672280429456
1687,0.223786377176
3020,0.446144556555
4974,0.928337838239
5119,0.578192199817
1916,0.796807638459
6687,0.94557332141
2197,0.621772418614
8641,0.163130654135
10073,0.886384204475
1967,0.260439629766
4999,0.296860682428
9816,0.228377307621
734,0.916616327846
9665,0.404942149689
5092,0.942309285285
2591,0.899437589132
9877,0.85746304506
4601,0.961132352371
7734,0.235755961114
7185,0.791108310145
6405,0.52318579388
7003,0.335486963153
928,0.218526674908
6490,0.400592682097
1586,0.208023921551
10139,0.880961362689
1192,0.419691252889
10526,0.178609374167
5544,0.863805919646
8779,0.292416039317
4497,0.448049972133
3059,0.924855404615
2181,0.336335233549
2303,0.303341627663
1190,0.684768482891
1468,0.149085757523
8771,0.345787369483
8997,0.749051607279
6365,0.667501096666
10355,0.282782115214
3478,0.254803567399
3764,0.166543184725
3542,0.216900040026
4941,0.325839334446
1840,0.706022766615
463,0.178697271057
7407,0.360946493721
7711,0.615815092475
6044,0.206849165931
3750,0.938047796448
10114,0.174641411292
1332,0.719175795774
425,0.92586706283
3479,0.931501699393
1979,0.763610410396
2994,0.665321605417
207,0.396113438471
5820,0.951665602313
9187,0.458679508629
5423,0.904040511505
2743,0.16492000798
2902,0.925245840187
9126,0.923919437
7903,0.545316703681
4100,0.531229495121
3578,0.552683015985
6061,0.371087622127
5081,0.246959911471
4575,0.158002526728
6695,0.793379837652
5960,0.12390910616
10186,0.198415172043
6795,0.373768363315
10022,0.29547120812
5841,0.638818906184
7481,0.302863684782
9331,0.413032044949
400,0.92748944521
6907,0.431870961935
10393,0.83181685194
3709,0.867605396987
4726,0.914963138473
3007,0.246406267974
4723,0.262259270045
597,0.189749634886
1810,0.782968594455
4131,0.381378719487
4697,0.71632637972
8838,0.800201737078
5956,0.195723613263
4196,0.723712571801
63,0.910409163138
1714,0.282741157116
904,0.368097274654
9715,0.887973673699
4,0.345119806366
5462,0.504249623714
259,0.178891421588
5418,0.205738444913
6849,0.240469999249
9893,0.284554785675
10003,0.906107109659
4976,0.21733993398
7611,0.940348506691
900,0.21771825466
3746,0.556083356897
3893,0.243969069225
2966,0.115089001422
9667,0.855363806739
9734,0.324236319554
8123,0.288965752661
8470,0.938020576676
4058,0.333291215159
4623,0.923513458074
3782,0.196483951218
7966,0.472569347772
6003,0.556096591122
2168,0.551830032122
422,0.306934378461
6381,0.416741464059
1136,0.61032019232
3443,0.590106642135
2214,0.505878710911
9973,0.936414061005
1593,0.444309688528
5474,0.465883445146
812,0.970986771064
4703,0.153254609066
4294,0.914635109378
10021,0.144683297987
395,0.302505294071
3237,0.620161162089
9099,0.24013497755
2401,0.102980804619
10371,0.282244828537
3420,0.793786083226
3460,0.877973882643
9088,0.44836953709
5995,0.930671053809
3084,0.932102346595
3595,0.334375436824
9524,0.935648438367
167,0.253414922253
9743,0.899698981148
6109,0.335651766244
433,0.198137803702
6292,0.273975621392
8125,0.35573827058
4035,0.356083605972
2929,0.689931506079
8810,0.945541135282
4403,0.197253067961
3925,0.846297761482
1290,0.701524133122
3689,0.856246752689
6709,0.150289717567
8021,0.452090790442
6237,0.903104605456
1453,0.384995944725
7340,0.242036187669
6078,0.582278160561
2369,0.140963101657
1781,0.290068449095
3830,0.937416858369
7625,0.337569109075
8150,0.241485910337
1680,0.407371129195
7077,0.198978586555
3360,0.628841195426
7927,0.894280541299
244,0.214509344274
8107,0.764078776211
820,0.922787000034
5915,0.936002027122
924,0.271436612289
9207,0.657003386016
4077,0.86425364455
6052,0.594557580914
508,0.909741981023
8105,0.280195720166
4405,0.211407932054
7558,0.225644526697
6094,0.866068746518
484,0.843206097193
8927,0.32200077839
310,0.263053395845
8075,0.680990021021
1094,0.267526408683
3211,0.412595509579
1700,0.926585350049
4816,0.445035430985
9354,0.671901092423
8845,0.50792709096
7530,0.872421406032
1520,0.318672746688
1087,0.858542220281
5786,0.531108348208
6847,0.684687754123
999,0.444555137596
5308,0.524836136362
6569,0.847106231644
10200,0.218984517894
5868,0.814582234205
1757,0.263414100942
4625,0.87539206052
2955,0.796192236616
6187,0.948451378991
9931,0.832953484319
4883,0.475094726278
2488,0.825899985764
156,0.883217768389
2820,0.414221652394
1311,0.345567001517
1517,0.404324910213
3640,0.232082233946
5763,0.163622801938
6689,0.525466975509
1193,0.394848908225
8217,0.739830942601
10327,0.52920774238
5042,0.443386503766
6903,0.25063732656
2068,0.85769326401
7614,0.344251386836
8842,0.165841388216
2445,0.393673931256
10276,0.340851864955
4931,0.331429847498
6842,0.539465835394
5927,0.280874362838
6207,0.325899529264
4539,0.345658527257
8721,0.327121570944
3618,0.254432919786
2580,0.202865569243
5321,0.818434084303
3181,0.33826650235
4742,0.34823990045
3340,0.722226645569
8310,0.889983381733
3948,0.520925711241
2126,0.812447812864
10436,0.33966470289
9635,0.927705406803
9022,0.178929126825
8576,0.13235335431
2522,0.172771519571
7341,0.832863878329
7377,0.904699897655
7636,0.368281270485
2536,0.856987950405
2706,0.864290806305
4814,0.382357469816
6032,0.316625495795
2630,0.447649177212
1857,0.438377874278
5412,0.945116756665
1957,0.226005212181
9805,0.272802254609
9256,0.354891919283
1055,0.833520646798
8439,0.545668077571
317,0.433760025614
6126,0.1679521137
9970,0.441201170783
6008,0.273372817725
2811,0.277215292233
10214,0.232865586044
10337,0.158734255465
6563,0.307971163893
5611,0.939605390934
6358,0.281513761838
8446,0.263067774057
974,0.39116856435
4839,0.266463234439
4806,0.812413323139
4597,0.264163149614
4649,0.260800437192
7744,0.941238035858
5826,0.505448357422
6118,0.29527354316
6785,0.228865562506
301,0.87854335634
3192,0.896615726818
9854,0.6606260973
9227,0.912643571036
4768,0.236010160694
2961,0.23804228111
4564,0.156419584082
2484,0.274265972594
1606,0.130762565565
2864,0.139668905365
2884,0.236567426087
2753,0.187253517366
4366,0.477470307501
2470,0.408888107133
6369,0.314956361453
2754,0.241155587377
2501,0.187338980257
8890,0.132523491716
2093,0.878381806595
4937,0.344544268503
2850,0.328754452589
3706,0.162091427772
6645,0.873488052997
5799,0.775534551606
4229,0.922474858385
4900,0.300523093169
7883,0.262160950368
4629,0.947897083347
6459,0.680846655057
10381,0.920108243935
220,0.849332814547
761,0.46220377672
4264,0.936142359254
6633,0.547276085847
1424,0.954254388244
7017,0.286669634888
6901,0.346293950808
7126,0.22797291401
881,0.521462674965
6382,0.390163192839
7502,0.455193907781
1911,0.747221476566
3076,0.34323790586
9281,0.243816112597
1534,0.702869497752
8378,0.205298455412
4717,0.881066174071
7012,0.9746193451
9028,0.431388852142
5407,0.590855538081
274,0.557523873773
9465,0.65775788303
5164,0.313917978126
937,0.403013749033
5264,0.928899904928
8051,0.364257203796
10304,0.393847072964
2403,0.206386357078
1697,0.871233457775
8142,0.215764487442
3734,0.176426297745
8487,0.240478121321
5123,0.94610991667
8726,0.274540074617
2336,0.826379538419
7376,0.138467597515
2793,0.378411676993
1998,0.21317746075
319,0.913672986878
6783,0.194107233891
6911,0.840800201384
3078,0.933611207257
3310,0.8773408777
4790,0.837164254803
2712,0.437139779411
2968,0.934133910089
7777,0.658453484532
10442,0.376927922441
1654,0.442436209004
10438,0.473343351277
4509,0.326954458095
3963,0.196303397167
5043,0.253139966771
5421,0.956323899703
6465,0.262849432247
8034,0.858565705939
806,0.607260757693
1090,0.297848043949
1566,0.491166786989
10187,0.51753330795
2634,0.94791488164
569,0.855747989886
135,0.219589412925
3732,0.825462658338
6247,0.801348245781
10466,0.253439342292
8429,0.308659535621
6725,0.240319250092
6128,0.204258711585
8496,0.273891440268
2433,0.846041490917
5552,0.934544412958
7122,0.547091624671
376,0.110271038009
796,0.406009137741
6121,0.48628817176
8960,0.67884768198
5686,0.23502760072
2213,0.611108881637
6602,0.726640912774
3357,0.891165980469
1997,0.266358645596
691,0.306769631536
4370,0.776959632024
9660,0.961878729046
7189,0.130622674593
6660,0.278801087095
2074,0.887346921387
5375,0.893333901957
1816,0.118032478713
9802,0.879278212879
7654,0.95240547216
3784,0.79011927727
9604,0.895065023543
6397,0.607523315607
7125,0.846793865766
1460,0.629781144362
5718,0.479192163389
5452,0.87280066815
7064,0.656471272035
8272,0.896719219475
3620,0.955591288586
2772,0.427028142723
5150,0.254090716658
125,0.281788425143
1005,0.133626349828
616,0.570233661717
9056,0.218345038325
3972,0.238334999617
746,0.124191428866
10286,0.960903423245
723,0.699631616083
1283,0.520865578312
8009,0.717895828899
8509,0.328700757939
8220,0.56508863072
7393,0.912709872951
8499,0.277167120833
3789,0.181638804223
9658,0.536823318944
8171,0.315163148865
1985,0.411388296238
733,0.201859530898
6706,0.337519123502
6282,0.260729982701
7243,0.259648264151
3995,0.862460358024
4375,0.618742457975
1647,0.380898591664
9306,0.869799357042
9272,0.233684317688
9464,0.210681079311
5340,0.283462670678
5475,0.949745807046
4911,0.924345376185
9315,0.635843825014
811,0.282425440828
6395,0.469258737479
3229,0.298153992067
2250,0.635787757639
8433,0.719340621907
10428,0.376706119126
10461,0.410919141189
8408,0.857442757158
3945,0.753552241431
863,0.929351161892
4683,0.338612172641
1162,0.950980967761
9132,0.515244125925
1076,0.163838999951
7236,0.333228032424
3218,0.443053164368
6866,0.131623655313
4997,0.642551495617
9121,0.273319694705
8696,0.255590731033
3313,0.390797921323
1421,0.394266365458
80,0.340412361595
8163,0.452491748185
4583,0.940361812222
4053,0.192443315657
8693,0.25340212422
4139,0.290564799544
6976,0.464622290582
3549,0.584952685335
5534,0.201087733857
1638,0.856086715444
6375,0.823541070392
1008,0.636546534329
9120,0.878148695507
8071,0.566643843529
3266,0.945245037138
10482,0.961595203855
5288,0.162355307289
6302,0.424747409601
2183,0.287738622087
9199,0.219200958088
5441,0.19568045205
4418,0.291446067861
7287,0.596339705412
1532,0.779909387063
2978,0.404517736508
1230,0.36440584383
6423,0.862100814605
9643,0.280582061308
5142,0.235370902103
9368,0.683880765914
6132,0.813667899821
9031,0.446953463161
4767,0.956311398856
844,0.278227058784
10296,0.281357713783
9045,0.457738876739
10469,0.205289214815
9223,0.382890156547
9340,0.262752266492
1226,0.352261308812
686,0.527394187342
4037,0.985997364702
7620,0.360460408506
9322,0.716271414331
2943,0.216243084283
6549,0.371219837157
8124,0.242292718538
1803,0.884211462902
8025,0.235381380418
368,0.183630464093
3660,0.315353166684
4943,0.255068837322
9143,0.242284915285
958,0.700533655869
4272,0.427369282674
200,0.30112878745
7314,0.957358710692
7827,0.299818090304
252,0.439059900767
2242,0.890953077149
2804,0.187792600887
8802,0.236244398141
7645,0.902301856155
7228,0.92548509627
9200,0.147997891998
4738,0.93665140753
4513,0.927592655954
7999,0.250529236816
3938,0.273329369115
8127,0.926318274651
9265,0.236903143325
7353,0.827281836895
4772,0.584964880325
4461,0.181978237719
1335,0.400982861066
9018,0.779976366229
10460,0.974261383054
7956,0.237085517332
1238,0.253021467954
2552,0.861467734837
6517,0.672117466754
5925,0.828142717655
7413,0.258503997116
3728,0.188456329553
1103,0.915341141645
3704,0.694471316975
8413,0.910472502322
4533,0.812018242952
5449,0.834208673901
7306,0.297880124024
1401,0.931767007742
7365,0.681248389516
8363,0.167631264688
3656,0.834551381364
5683,0.615500856124
1940,0.358468287499
8674,0.247439689049
6745,0.212453804999
4431,0.960768367213
2263,0.926565858603
7506,0.811381137678
4059,0.911749654713
4588,0.297117715684
8692,0.913133684952
7258,0.869747026158
5448,0.934752882632
8865,0.302162063005
1119,0.314417222973
7642,0.89041638056
9981,0.882526276171
181,0.894005142469
7528,0.529001096174
9086,0.823161919028
4963,0.29329036764
5292,0.25997944246
1254,0.548808686704
2125,0.798326810905
5601,0.917990324273
2758,0.898875891027
1922,0.439289307109
5440,0.360246593137
3001,0.689087508117
4011,0.314896409262
8604,0.581825795402
2779,0.281180091569
1568,0.163781050869
10123,0.490076885119
9053,0.518208766858
8028,0.778258656775
82,0.485691319667
2845,0.92639072671
10221,0.587697489153
8598,0.785049216817
5011,0.940737600942
7401,0.285199747707
8687,0.468167112636
8767,0.909456532837
10046,0.193048151224
1920,0.392473506565
4364,0.915474972482
9395,0.45946055603
3602,0.371888534413
9038,0.267385021594
7786,0.220684676883
5106,0.801620643365
9337,0.20831208466
1575,0.190817270558
10291,0.507478443613
2965,0.931522959125
1478,0.208115495227
3625,0.230250439487
7329,0.924570973513
4116,0.525324766608
9136,0.263919521441
6870,0.963940788963
4073,0.813665581064
7863,0.358818816603
7437,0.209982763086
278,0.929936443871
1977,0.432344086616
8570,0.646045682158
6800,0.159391065072
8964,0.239001900182
7534,0.93295125991
6539,0.885276645692
645,0.583355332079
8223,0.317409915475
610,0.329772990412
1512,0.84710286372
8340,0.889894727278
4524,0.271225526249
7465,0.310132373428
6313,0.337175102445
1873,0.258234932984
1015,0.88396114216
444,0.220233521543
4967,0.6301463812
8988,0.864124266485
3199,0.682082778249
8020,0.941382726921
6103,0.264752101942
362,0.249988209177
7325,0.839427771058
5730,0.347722902228
10448,0.955331113188
1452,0.331915317066
6669,0.523510864225
7892,0.638561043364
7859,0.960023822079
5866,0.896308366274
2970,0.532411889408
9609,0.356510473824
893,0.562999813068
4176,0.611409381544
4280,0.243757599616
3970,0.235453023122
4516,0.131261816962
7503,0.514108086386
7955,0.896676452232
9852,0.741364379109
8380,0.895667174986
9284,0.948348030039
10386,0.219772112485
4004,0.535569516589
5328,0.299559598292
9274,0.900452309106
4646,0.445041111213
396,0.926073814862
5513,0.366792179707
4117,0.241650539474
3751,0.234778535436
9767,0.482242587044
1071,0.616397483848
7812,0.833310033672
5059,0.210381980452
2667,0.302749235449
9304,0.260910353684
10385,0.316972874868
7930,0.416998022423
5225,0.250450902995
9839,0.205423263944
2831,0.367433321575
2387,0.236392554095
3433,0.566982758714
5101,0.46568731222
6357,0.907252244115
5476,0.393657385588
3807,0.910408028879
10232,0.246812854487
1508,0.476355457502
6993,0.758612322357
5505,0.276678645149
6009,0.318055602739
5301,0.73405529765
6766,0.222601115003
2248,0.61835265631
8572,0.330258161651
852,0.405469409592
7871,0.939891610429
6926,0.566962974599
10220,0.943757753237
9007,0.93617409161
6990,0.961230811734
2012,0.587939274874
5645,0.373735394087
9091,0.884822732248
3797,0.282752576401
7201,0.290432939778
672,0.861390020517
1257,0.899005767472
2010,0.222386183119
8222,0.897409215705
9636,0.414122958135
2746,0.654807535701
2919,0.808308264464
5231,0.260641858396
5625,0.338489230197
10254,0.465016449041
2651,0.378287148985
1740,0.924623579433
3212,0.627556668016
10502,0.246257896838
7139,0.288839464788
7210,0.518427330333
10049,0.751820002803
1621,0.328832450454
2301,0.231686472058
5798,0.885450566843
3812,0.897120356077
6190,0.700262780014
5503,0.206549021577
9972,0.284068535633
5646,0.275573794005
2003,0.921802424227
1069,0.397333720209
9656,0.648427841431
279,0.928590516331
4328,0.647821502941
7105,0.34623403348
1643,0.277363472544
3108,0.30295892514
3106,0.28135460204
1626,0.216104001528
9838,0.189759636277
6994,0.48453408913
3463,0.13462658075
781,0.451628752783
4337,0.223671494916
1639,0.24426031631
416,0.211610156067
7687,0.651558004618
9610,0.239361262987
2519,0.329597469049
10210,0.27477296553
8633,0.935504145457
1276,0.886408490706
4764,0.505124233978
7674,0.376388522976
6550,0.874668803548
3853,0.58923515355
341,0.0999021497864
6258,0.157814007054
1884,0.660436870845
2855,0.115678471313
2196,0.269025914601
5326,0.663415731651
6380,0.176528533283
5580,0.210012042701
4563,0.229846155455
10414,0.72048180692
3226,0.836623536861
3175,0.763636616204
9457,0.330195295405
1705,0.216912534115
5910,0.246635272982
375,0.450430428117
10333,0.238960007431
3852,0.42619050602
1971,0.171536702695
8720,0.520160520022
1860,0.483355728071
10349,0.959502433204
4605,0.277441136644
7358,0.864481758247
8258,0.384285937589
5678,0.196434420519
694,0.872412345945
8482,0.241703596644
1924,0.373078278413
3716,0.817290270017
3282,0.292161637114
5746,0.199810150515
1518,0.251240311598
8741,0.137041902155
7630,0.338189190029
8276,0.169460409637
6939,0.476462580136
1435,0.719589553716
8157,0.361536650055
1041,0.321612206407
4478,0.704652384329
8307,0.196090064803
2094,0.947598383337
5916,0.472418450126
9848,0.925228295334
4803,0.369590145921
2147,0.179806331934
295,0.929738306154
861,0.18014374645
3822,0.287329407897
5609,0.925343740613
9450,0.324984062934
4122,0.15292823527
10558,0.297017578012
4285,0.272710205433
6184,0.840520993389
7295,0.252633343915
1926,0.936557596642
5026,0.137303816012
7952,0.924965649148
4194,0.149055231515
639,0.743082596874
2130,0.224465134605
3119,0.310494378962
3251,0.308484197641
5803,0.177960032172
9553,0.354040704215
5937,0.93574906904
2133,0.352089937199
693,0.213440633791
5944,0.469707048184
2227,0.485593281399
9915,0.135366373335
4044,0.641470865556
6033,0.206121554731
3270,0.862406819373
7050,0.335479044384
6185,0.53177219785
7984,0.507833550598
2109,0.899093910189
2244,0.382931145605
2481,0.156586824108
4332,0.933105958461
6016,0.434220130647
10162,0.678678922176
2453,0.49563886238
6228,0.168175478677
6166,0.279129939464
1411,0.725656619858
254,0.46853802829
7479,0.204211970281
1476,0.249594459723
7801,0.721493310638
4988,0.258818535688
4694,0.307721830007
10194,0.47608684883
2574,0.903947881473
8334,0.155857415137
419,0.406043730311
8643,0.908232730752
2548,0.303705425335
4615,0.935243164219
8772,0.314761366137
10463,0.890659895316
6756,0.439289894025
1503,0.926602111434
4095,0.202664316096
1723,0.878873978713
8829,0.279343812945
10085,0.326787387618
4796,0.243977009694
9756,0.223004608664
2158,0.145802126912
7273,0.291497093652
3056,0.301740064733
656,0.561688953929
3074,0.162347542739
4661,0.717542013799
3958,0.543716704795
4311,0.194071216362
8375,0.97078516459
7442,0.466661415654
3839,0.518182348216
6179,0.188801586509
3786,0.458399597138
8520,0.928757331273
3664,0.167805078249
2014,0.85302640611
8298,0.325595121537
4220,0.248419960707
10127,0.967735618743
6182,0.560847033146
3206,0.845596202708
8503,0.945778739625
5682,0.761020104792
5699,0.156392108619
6215,0.894676516731
1394,0.166512679194
9582,0.543106657477
10070,0.958565705772
4940,0.923048153193
4193,0.198236378439
3400,0.605240136944
4785,0.237094559612
7460,0.854950537665
5838,0.3593802122
2503,0.297473338422
2730,0.898750337172
7156,0.282427416183
5511,0.901948292857
438,0.732185741092
2233,0.94258044081
2016,0.200516657685
139,0.465450835702
384,0.301240414826
2313,0.249962557969
5145,0.952573161936
7864,0.325080154038
1195,0.925618805079
5365,0.152016954892
6977,0.256824304751
10001,0.314175076712
567,0.301309722209
9950,0.715005963628
157,0.128323017242
6553,0.891843745033
7337,0.211161665721
349,0.36298070666
4874,0.407869498966
10313,0.740075630394
8421,0.520704128834
9469,0.243778843331
9314,0.894760116782
3663,0.178391366824
7216,0.163129856567
8871,0.296702361051
5743,0.919794625456
2072,0.551425721009
2654,0.120209771423
5908,0.304129440372
9863,0.164100297883
457,0.248935585507
6965,0.163304182482
3030,0.2912406444
7765,0.247506090575
748,0.164604669429
6304,0.276031224628
9606,0.294969539671
10351,0.24825962036
406,0.769407052988
8120,0.166623527413
8486,0.873798184198
6998,0.947823634834
77,0.901591806615
841,0.272911602454
7709,0.140464767643
7404,0.929818363517
5606,0.531549819985
965,0.784396335737
3163,0.240555422509
10192,0.328610461886
6163,0.193307507226
9865,0.235603928751
9518,0.201627589586
1267,0.210087489953
2051,0.962107334823
2046,0.276301454155
1464,0.938567462903
2153,0.111501297084
6612,0.413297913778
4971,0.483357952177
866,0.188007182014
4124,0.260109488967
5086,0.728430432231
4351,0.376095638887
8101,0.204981738034
7912,0.42429774155
2504,0.836781518354
2837,0.114973452783
2034,0.624941493845
4844,0.778487685466
7780,0.190678446076
5901,0.120577757564
3296,0.28255868487
7299,0.865840985216
8574,0.452960246326
7472,0.895214439889
2276,0.184634924167
5980,0.284611834073
3184,0.436332877178
4359,0.387000508614
1064,0.630731840564
9039,0.151502504007
6376,0.270594534279
1706,0.513199933425
7970,0.160174037898
3540,0.742892094504
1407,0.492669389181
4561,0.379882188953
6691,0.935577504459
7172,0.305442074448
1923,0.41281266097
4407,0.880820392839
6777,0.261530075921
2600,0.47378264995
1936,0.156098151499
9778,0.106049531181
2766,0.46759848434
6668,0.838650283539
9013,0.429250321002
4319,0.19466947705
3263,0.794310317432
1612,0.841707496461
5132,0.304818850165
216,0.953280145983
7232,0.411088366603
9373,0.244298556744
5030,0.500645002729
10107,0.677020339419
8309,0.82230706266
8449,0.771438135153
6961,0.233043264533
4954,0.275101068525
7344,0.597018300285
8146,0.935090527301
1132,0.748587121775
6145,0.852082166388
1353,0.578461030296
3624,0.890532844856
5058,0.87346406186
9789,0.449454408641
7290,0.2893785904
8583,0.351916881207
1088,0.859905585138
9210,0.618760694463
8240,0.298429090545
3326,0.197742401103
6315,0.832577405038
8410,0.689327384836
4535,0.199520248115
5991,0.420177352788
1874,0.41858304698
1898,0.211911483731
3557,0.946070307342
8587,0.898324893392
4190,0.227202833078
7261,0.813849223977
6854,0.41922319139
9375,0.528816004233
6317,0.862709271757
7713,0.760301293082
7058,0.943255112545
7628,0.441355864223
3513,0.393991298988
7953,0.946988416184
3445,0.242645813995
8461,0.390760474241
2834,0.320323320286
3414,0.500009001174
9262,0.898119388848
9235,0.196943569416
3146,0.344841755605
3379,0.28189493274
1701,0.335379311391
5527,0.307946519943
8031,0.582829251497
4032,0.759948952146
9782,0.757242282498
7656,0.722255611495
2985,0.927101829379
9334,0.711579137103
3343,0.370947980987
4760,0.34353112727
10311,0.836185196645
2609,0.55018872281
5117,0.213296988449
6724,0.931472454325
671,0.936073082327
798,0.295468049066
2341,0.41385783426
4262,0.802943894826
1950,0.899507740912
799,0.934473823572
2575,0.826653949108
660,0.939598912261
6432,0.685496919119
3168,0.947094187969
7435,0.942559634509
4010,0.964085158724
2882,0.81581137518
5930,0.907993148219
7716,0.186082774625
4054,0.270877161363
3148,0.257533066368
670,0.345110783075
3519,0.330154366782
5770,0.170147500866
8876,0.628454927252
8357,0.562697362746
1620,0.587766662775
8558,0.360353512009
6786,0.811240558961
3825,0.256415825559
5857,0.249470989935
7685,0.521290341942
3947,0.267220337236
6449,0.270097451859
8636,0.402672611177
6046,0.576655679576
3205,0.201210116031
9435,0.925300463564
6865,0.194157596619
281,0.952174965094
6922,0.164529269452
3536,0.238220602336
4555,0.254332734433
5364,0.512694409774
2483,0.913107482064
3524,0.740302216026
3117,0.428768699234
1152,0.350192962064
3912,0.242481169773
1297,0.816138928429
2896,0.151291527556
5804,0.914213550634
5722,0.676229871649
189,0.155567982996
2376,0.395330994002
4635,0.343489039451
4801,0.909866105327
5972,0.267737037116
2461,0.254072308524
1168,0.167370408151
5136,0.651630637742
7806,0.620408895462
2559,0.552141464594
2139,0.520175428002
10562,0.436610998753
1497,0.368002219107
4757,0.523845827424
1354,0.306801957913
5896,0.918400449063
6453,0.127227949999
1426,0.31302778043
4271,0.226640775368
7673,0.729656126766
7782,0.250808261647
8181,0.393202160108
1797,0.503128051582
8615,0.916751317492
3097,0.844694274848
5306,0.562147375607
9633,0.249311696431
8700,0.255968259943
9876,0.862178956917
8045,0.410285047015
7750,0.285432943643
6370,0.633388457152
7093,0.447500399425
8018,0.194196445306
1118,0.341597672743
4849,0.822142966595
9627,0.206309990521
829,0.304464210777
4164,0.362195191451
1707,0.933368479011
6752,0.141820420823
6236,0.267727130286
4052,0.185248479419
5283,0.299755431499
2856,0.839384123894
4630,0.527618422461
9563,0.944501226531
6576,0.839013900715
5721,0.324851148347
4305,0.789617120299
8972,0.264852220394
1694,0.905036823304
3582,0.883129184988
3913,0.302191184988
470,0.522531813129
4195,0.308042767952
3422,0.256265061107
9744,0.347044868085
4206,0.232820453022
7971,0.66357506805
141,0.337411953618
1994,0.960582582826
1602,0.767664274248
1031,0.260063670615
9150,0.38332526209
8528,0.203516485573
7545,0.184931839337
7448,0.193984404773
1821,0.332259740196
10075,0.318142257985
5242,0.2202607852
822,0.186166100264
4826,0.300913061969
910,0.426857120197
10147,0.702686662233
2018,0.902643965575
8916,0.311303467732
4880,0.494857422798
184,0.258130365542
6081,0.893174282249
4281,0.23857122004
7418,0.92973116315
6054,0.271026485927
7972,0.55683126348
4894,0.897342491575
5313,0.74466409707
5046,0.213223997076
7183,0.4061775959
5347,0.216499991744
5051,0.681737075885
495,0.532624303644
5985,0.871600608621
1227,0.932461977864
7594,0.662701213212
6178,0.20366953547
9344,0.567102142234
3681,0.896448734723
2805,0.811450447806
8237,0.232977885988
5139,0.624317063043
2347,0.284129154309
1978,0.17187596023
7824,0.49855849792
873,0.695637573688
2569,0.311489343979
4704,0.756133071416
6974,0.563007181243
4454,0.193749983473
35,0.40190623095
8231,0.156368727582
9280,0.239431297143
6567,0.298744592436
2088,0.902880603236
925,0.926502593064
9958,0.222360903047
5234,0.214667821852
7623,0.527477375721
6074,0.351613332839
8115,0.253256105476
10462,0.651503575001
5008,0.387974997179
1256,0.188154845682
5001,0.351284818568
6885,0.209823437826
7509,0.630969529321
6251,0.831892023122
7250,0.711939528986
9502,0.448126433104
267,0.304833089668
4109,0.657434592882
819,0.141216199841
9397,0.699316077993
3707,0.461087438479
870,0.917857123746
10203,0.501913149379
9241,0.692852301873
5215,0.34327925295
982,0.77344787453
3878,0.124996113339
1847,0.358910845294
10457,0.937729023044
7811,0.292987217936
6205,0.185606651491
8311,0.359386045685
7657,0.210335748984
8174,0.444096965
2119,0.291251376931
7893,0.694977217149
7754,0.640411892851
3684,0.410737596816
3585,0.346036518034
300,0.249675521316
9176,0.92894268989
5879,0.914860235503
1457,0.874813783406
5040,0.417026576232
1862,0.359300813866
9749,0.923246820408
161,0.929291122502
6134,0.833014916415
4995,0.198737447861
54,0.152424216217
5125,0.328253175894
2032,0.394029297829
8210,0.217354637731
3816,0.188613362042
1769,0.82776086875
6156,0.53287188624
8667,0.850490111732
2974,0.377720536173
3417,0.204760510522
2835,0.475207979957
1668,0.910002661675
10028,0.335521130308
5619,0.322822614911
3169,0.669501217268
9153,0.27669720008
8746,0.861931509042
8049,0.524499159344
10564,0.394435685736
8691,0.332542884177
2765,0.964569492295
52,0.434411060859
2663,0.375667425751
3014,0.566366299844
9453,0.802654131902
8078,0.278325852752
2356,0.289548391899
7595,0.759481325513
2195,0.737902986794
7633,0.868140892255
1259,0.156598966439
5214,0.210760993254
531,0.362456387746
2398,0.408013283554
5458,0.923213519772
2794,0.455227689764
153,0.197765104457
256,0.640325218273
8787,0.391947740628
4496,0.752423642446
9649,0.240421482093
461,0.14622304788
502,0.215618942319
529,0.152983413027
5529,0.439351524766
9391,0.953671425342
1032,0.689723474673
9896,0.240676839105
5557,0.660350007385
1836,0.198609327896
3476,0.231202569329
7104,0.222192263628
5480,0.40214680137
1717,0.430827216747
1333,0.936755513331
1806,0.311704784087
8297,0.330074728672
2806,0.115005575534
3407,0.354192240418
10518,0.259598014689
6043,0.324773234209
8857,0.807244470472
8456,0.328684262107
427,0.210612118335
4028,0.571787306813
1988,0.238891281559
7354,0.275497388041
2393,0.292569896061
452,0.539922788137
5445,0.666209559029
7637,0.921534049316
5486,0.568644380412
4175,0.411360633579
6068,0.160047953964
8968,0.469859096094
9384,0.845211190316
7470,0.612720315622
9319,0.828661812409
5817,0.937511906581
10294,0.922283082654
1313,0.349672578309
10181,0.259402328282
5269,0.213962601278
127,0.235585003579
989,0.836063024722
10234,0.377819097414
4799,0.915687213031
3834,0.24906239692
9206,0.184077624678
4753,0.170123433233
4437,0.255033357891
3520,0.925262791692
10124,0.161287759411
1318,0.419498822728
2055,0.517755810257
690,0.931336909149
1294,0.211933312906
6522,0.936429967919
4453,0.260073911409
624,0.181346839328
2863,0.897142694418
4922,0.293655389957
4120,0.256931103588
8164,0.306893418786
2317,0.245290866833
6058,0.152556592466
1428,0.653984759522
3577,0.504653421704
5811,0.861209908949
1430,0.640259800057
4488,0.311915223628
9634,0.957902422043
4482,0.861845006054
4580,0.916024089718
2571,0.128135210549
10499,0.918104384894
3932,0.254362707057
377,0.786031535198
5851,0.252869043411
6384,0.907181583551
6470,0.258725694335
8505,0.254078079842
4268,0.598820086578
10397,0.337227520197
4309,0.133041386408
1949,0.572436140121
2097,0.368416574158
9709,0.427947937274
4936,0.45719453039
4033,0.284969141421
3828,0.504055409284
8862,0.145125634243
374,0.529959192832
401,0.917158665235
10015,0.873935275213
7613,0.215331666094
4397,0.769013662002
2329,0.765949026147
4733,0.910544559221
1552,0.372861165007
2486,0.854138485949
940,0.392337309898
7118,0.921363021593
8060,0.876946714517
1550,0.22536752995
6202,0.227127508787
8980,0.908019425462
8162,0.915297127594
10066,0.130794680367
7981,0.626539540977
7336,0.963021175374
6277,0.362902652165
1670,0.850377296814
6007,0.307131511332
7832,0.574999435913
2612,0.207568920512
8320,0.967499087925
1779,0.961654168653
6107,0.15434843763
2537,0.939800750751
2726,0.852161070462
8717,0.489256229656
2201,0.244032666471
6276,0.272376623005
3293,0.256886235694
7907,0.797900860517
7321,0.247845574424
840,0.35464885477
1081,0.213818719101
8289,0.823285812232
343,0.270998466869
8184,0.199907118024
7166,0.903441443376
8805,0.957240981838
9407,0.311712077216
5573,0.28520077468
9330,0.896614369987
2215,0.875081546881
4105,0.204036063883
7699,0.187389526617
5850,0.252720681019
10228,0.877191002725
638,0.519622154782
5633,0.318397992375
5919,0.327671756225
4573,0.285798333314
7164,0.406148664338
5093,0.852773338828
9815,0.63766108167
8411,0.908499700062
8955,0.945357778461
9556,0.434218605852
7349,0.496668495945
8436,0.968847322561
2631,0.964060838529
2739,0.927378754341
3930,0.442914009398
6833,0.358493393549
9186,0.944973963964
3150,0.200675194764
8328,0.730692337911
4006,0.792258769534
3065,0.280435355268
3305,0.14492335311
2506,0.140806601694
9737,0.876478165133
5178,0.162194920209
9452,0.38042417874
10111,0.634964994716
1652,0.277987344015
10134,0.662099011426
7247,0.249431936715
4363,0.917597404708
1712,0.928940865876
4232,0.233284856173
5626,0.182420599371
3049,0.873004975406
5397,0.209150339265
8637,0.203346855787
8785,0.302891726397
4438,0.851220903591
1410,0.205423147047
6902,0.275617578434
187,0.2670407542
3883,0.564509736317
3988,0.868660034484
5620,0.319536400129
2904,0.220344905651
3926,0.166270073475
9020,0.271004552902
2947,0.409306492035
2364,0.903022792927
5291,0.919486998945
7078,0.197208759352
4477,0.0985945128026
4333,0.789096740095
9247,0.366239330323
6957,0.222510819639
7281,0.312838401822
4012,0.575072602082
975,0.930341475659
8037,0.704315841115
10408,0.935553837772
2900,0.594762188067
6457,0.703360543482
9292,0.56074794035
2115,0.353048936389
9001,0.787515360018
8981,0.295565821393
6085,0.333684565339
49,0.301712937932
210,0.169849529901
1607,0.349144037237
5256,0.300303952992
3170,0.943746682472
147,0.737958274392
7627,0.844811045146
83,0.302985959909
3686,0.281052001317
5133,0.602791402287
935,0.116446938461
2875,0.447910482025
7277,0.277406384681
55,0.909303047496
1253,0.3438359869
3406,0.692212128664
2474,0.888792323114
8451,0.135302659071
7301,0.891399354415
8466,0.271893940397
7499,0.813713133515
4926,0.940398588539
9033,0.343534827155
3999,0.158625442684
1017,0.1903296133
947,0.798829598243
7798,0.41568427045
6280,0.221218580238
6393,0.342950702203
8056,0.170780144034
9003,0.268354690257
4481,0.205924727157
5134,0.370206721085
4804,0.509234879413
34,0.348609282131
5659,0.916578453659
4519,0.200909480861
6272,0.909051584905
765,0.233926100588
3752,0.406763583762
1753,0.375143378257
2123,0.160878482797
1802,0.305265475805
7678,0.573689667859
4547,0.263123210014
3793,0.194951913667
7453,0.365306772944
5330,0.384870882594
4093,0.679875449758
2362,0.416684982662
7116,0.254665638462
3135,0.684790286371
10536,0.175251436305
8484,0.210614929647
9002,0.42450482088
10204,0.318096886263
7570,0.23963269236
1275,0.95998033393
3630,0.197777006947
9096,0.254343002131
3475,0.150337567754
4818,0.513582427127
2019,0.303881511574
10402,0.194203610474
643,0.609472665424
9927,0.159893686999
2827,0.11210427313
288,0.364466719736
7886,0.829729542332
6584,0.913444066297
5554,0.907103288184
6329,0.256311438458
1233,0.471303300048
2541,0.209419710746
1150,0.248283848909
8459,0.763788894217
1814,0.141706689864
5564,0.318767314568
4306,0.633832756094
2144,0.229701169422
9792,0.190435306371
4634,0.253992779003
10084,0.235566236055
9847,0.158278173046
8510,0.395615423045
8921,0.530288482264
2509,0.880064554176
2111,0.603027688405
7505,0.460077734565
556,0.234384181055
9596,0.955210817176
1863,0.207105870241
8172,0.179145005657
8404,0.94810068253
3607,0.455526079268
7802,0.43160377874
3503,0.278620450436
5624,0.319840754279
331,0.918799507993
542,0.963079933567
9705,0.2010120719
3592,0.389497234182
5018,0.411976609669
5800,0.954582450801
8651,0.21493238691
7600,0.22858162568
9509,0.113753705353
5431,0.396168490442
7454,0.170363722895
8106,0.167147494754
3137,0.73337823662
702,0.553841028198
6287,0.5639109395
5657,0.23232452785
8027,0.321380350208
5350,0.18532002651
30,0.670766043163
2677,0.499613586169
3898,0.323605552014
9451,0.947889386483
9949,0.480862975178
8074,0.235425014848
6618,0.780094659206
8351,0.129175322552
7861,0.85366620568
8914,0.538905015027
9820,0.441677267548
9148,0.871849319083
1334,0.201410869154
1684,0.462150379741
6414,0.223030219579
6967,0.439773914626
1726,0.439401440999
9178,0.289630113867
6642,0.196227932245
1024,0.806693934625
6437,0.269841475709
7042,0.854552432702
5319,0.277144877979
4594,0.483842223987
3702,0.749290745076
4882,0.737996874694
4243,0.495702848894
4750,0.189913136898
5735,0.664036737469
1432,0.330360240302
7576,0.948283968418
7455,0.362760742398
5563,0.261244517853
2291,0.928125596446
5386,0.311855896691
8490,0.17627496724
2357,0.202909889137
5473,0.908664711334
7091,0.866758893291
2464,0.298633194055
2801,0.791937840805
6604,0.674289938819
2122,0.658866821917
4320,0.922651576742
1841,0.825133201686
8129,0.254938725111
3149,0.294829260521
10525,0.936530054528
1869,0.229275920327
8664,0.147849187347
1941,0.377458335173
5216,0.499059384557
7993,0.182498443643
7327,0.274896021767
4076,0.297608878874
6544,0.341870996238
3300,0.428805555747
9139,0.665998714899
6761,0.931972644124
2220,0.182505649879
5661,0.316376376303
1676,0.258291891984
1572,0.867840564576
9545,0.259310925967
212,0.790385141677
2498,0.184523090533
5758,0.326697993737
241,0.924602528885
7872,0.647472136785
10546,0.202028220328
9615,0.583135013705
882,0.271332640974
5753,0.210855538211
547,0.323857252722
10275,0.177520701313
7686,0.866083190726
6508,0.897244023291
4296,0.780148144976
6625,0.698179429588
404,0.123216393158
1289,0.309229298652
5239,0.487771371162
10261,0.663954960744
2649,0.180339950623
9886,0.905862750379
5341,0.276951621795
869,0.640131344367
5533,0.822333877751
1560,0.926265902568
9892,0.357755287819
1933,0.194660336429
5885,0.159690858409
7833,0.205867789836
7296,0.104135299749
7373,0.837222246896
8983,0.266619051865
5842,0.431775921836
2194,0.322381990258
132,0.432475601821
2659,0.64261969389
7896,0.315872806321
7887,0.580498840248
5745,0.924242805945
2409,0.865706004329
2253,0.865675340251
1434,0.71232623949
6946,0.134583128564
6510,0.584016894722
6982,0.24891576186
8999,0.301403712772
5170,0.337613319163
10158,0.167474788023
234,0.360182919833
9034,0.682892096368
3801,0.912968349153
3887,0.772999583852
10361,0.546922483094
5385,0.93930184142
6575,0.860460293339
3560,0.187092010476
2112,0.610265405614
4307,0.531330632842
8704,0.840444006711
10476,0.694722996665
4637,0.311629519808
2953,0.939700108297
1320,0.972569393536
3264,0.487280032553
7904,0.952704533921
9144,0.957386083995
4494,0.856680716635
4819,0.831967706251
3781,0.32760914962
3459,0.394312397009
5681,0.458184392851
6507,0.47110480725
3722,0.867833728786
398,0.221033671135
9377,0.539370110041
978,0.62193645019
3104,0.968965323834
2693,0.334311014755
3803,0.741973697036
9533,0.890650214071
1173,0.531866305463
10307,0.770827499777
10326,0.265794321375
5113,0.336206850018
1116,0.539285236308
10452,0.874925067771
8013,0.313028799945
6491,0.141477125515
9906,0.947509042841
7531,0.553219891588
102,0.256581770074
5233,0.9036871016
1661,0.934455411032
8280,0.310746001282
1000,0.76027450642
3743,0.85330758602
1501,0.9157735014
3809,0.457257872913
8647,0.873946553241
1959,0.2041659989
1690,0.243612146466
5498,0.579131915632
837,0.260504966415
8788,0.868007063938
4114,0.741404335735
1413,0.582986291108
6836,0.924402972938
4240,0.389968790554
1908,0.90782706017
5750,0.377240535378
10087,0.26252093417
2680,0.524016162073
4323,0.651825145846
4439,0.932935776661
8517,0.372898217857
933,0.792568573704
33,0.909024687306
4295,0.2001315678
3258,0.442915051533
7497,0.24784159809
9276,0.308021932172
9811,0.361650431855
3833,0.36540208821
7682,0.219118327017
1748,0.275474483823
3693,0.330942052365
3608,0.461560981615
10230,0.27664432217
5468,0.167056937211
10464,0.961657464528
6932,0.352472798678
3616,0.466037649432
9603,0.936346267522
10394,0.754320653901
5509,0.740961964673
3731,0.93453228635
5827,0.219396813001
10527,0.962202193942
7004,0.888278513472
3210,0.750315142484
59,0.932144564151
2660,0.966023575931
1909,0.393764450907
8569,0.935951563642
2862,0.196710415968
5966,0.446232039586
2639,0.219716061991
6838,0.846224974952
9527,0.313362126844
5345,0.90584785923
7702,0.705457635972
3242,0.247821252745
6516,0.290467837655
10412,0.266325064849
8213,0.316474126823
2598,0.967526889363
6193,0.2701435086
9593,0.89735167796
6646,0.885449291085
5388,0.482195678274
6413,0.577596447988
1540,0.26427559916
8660,0.229897144198
2999,0.429716033362
3194,0.254139313265
9437,0.891695631728
9473,0.434225005655
877,0.249086585939
9640,0.389968790554
4434,0.382283374075
8385,0.537301687653
2542,0.209069801324
3281,0.357145022975
7820,0.355883100233
1418,0.982708778921
6079,0.575753368326
3685,0.230523212143
9361,0.153698379843
3364,0.753173195055
7495,0.413921582298
8226,0.704334322357
8043,0.413669459779
9924,0.143007214702
6018,0.32488047582
3,0.664987781278
4592,0.304733697445
10125,0.468770210223
8900,0.350124826425
7028,0.962360926901
3419,0.513598992093
5514,0.389041258546
2770,0.31847853688
5007,0.808158445085
1931,0.300930321545
9768,0.369336292652
3337,0.33408299712
703,0.237241143373
6685,0.291852946684
6064,0.263887208687
1881,0.260286343402
4842,0.584568801777
8432,0.267812224954
3569,0.341976738086
9797,0.298765499071
2829,0.158624302156
3739,0.300400142761
2128,0.462793306915
2372,0.420248471543
3354,0.246444587702
3321,0.856476820243
8532,0.9385133701
1800,0.553733027578
2560,0.21917854937
3936,0.819625662561
2588,0.455804490049
4890,0.983163028196
8912,0.907971882337
6192,0.185394196597
8658,0.146675715898
5272,0.399157079658
10404,0.803763036567
2299,0.269105348476
9419,0.239812265439
3018,0.470914462089
8642,0.814828965646
6594,0.19369959617
8852,0.247819029893
9212,0.309691773748
7081,0.948899125656
8469,0.231776258864
1372,0.223389789146
2514,0.189985516271
2311,0.267927739883
5548,0.305112247803
9024,0.477432289117
10324,0.148973370744
7735,0.15910738053
1488,0.896225900835
9130,0.921549581852
2307,0.952699352306
2374,0.200898511535
10519,0.886415153988
10264,0.732804072972
9908,0.317158412038
1073,0.371419964304
118,0.838120977931
8884,0.241807688229
242,0.129590518278
6300,0.427931855747
5422,0.50256904639
899,0.575898405827
773,0.275529693389
70,0.916113646783
9249,0.263338141437
8847,0.423826618111
432,0.170878272253
468,0.906984641795
7830,0.715171807583
4642,0.507176155904
1782,0.921209366212
8683,0.441616752937
8551,0.27279791489
5224,0.373260174055
922,0.478778082262
757,0.948604599465
1101,0.207911438939
6804,0.156533927804
9266,0.940202700117
6487,0.275052130282
5627,0.262186921769
4972,0.826853988383
3596,0.880419843305
1420,0.598630638836
10209,0.55174322576
8629,0.786510509795
3147,0.878985421281
9821,0.916952823687
10377,0.325026355222
456,0.230954465234
9887,0.46530003663
8864,0.490449326464
5665,0.286279614513
1764,0.165691768187
9198,0.934857395403
7536,0.529329716726
991,0.9000940748
1537,0.441793448633
3450,0.913893470524
5663,0.868554929121
4221,0.341088218744
3350,0.264968802281
943,0.245383405113
3203,0.459310845044
1144,0.321763305258
2334,0.954305490551
7074,0.941624129243
10071,0.625080920583
7540,0.891045818316
4143,0.293978258093
6643,0.421260603824
1067,0.132785793768
6356,0.820520222689
8133,0.207480415666
108,0.315826386953
308,0.448976141017
7432,0.343674944545
2652,0.751014668365
4740,0.944180135776
7048,0.214952475349
490,0.181551306983
6808,0.250164781238
7990,0.299772418046
4460,0.14784688607
6803,0.909781168411
2414,0.269323684514
8085,0.311432412976
2031,0.88591926247
8476,0.778168698219
9840,0.962004814641
2853,0.303786052877
8114,0.609373610455
6245,0.934098969137
8918,0.319872448521
2621,0.415255095654
5344,0.546847907223
3775,0.147506306091
631,0.347247571267
10481,0.286629834418
8188,0.941892982393
9830,0.879764840905
5426,0.420537772686
6688,0.666218295344
4132,0.788042795918
588,0.649132267286
5600,0.358880178622
4743,0.31943373094
8711,0.22454307179
6039,0.270566167924
4576,0.525696945681
6941,0.281409322378
10202,0.445609062391
6632,0.450522638275
1079,0.477433705397
9642,0.459824525705
5401,0.346631857717
600,0.230221349164
4873,0.336277800014
5558,0.19920136681
483,0.181417043246
10378,0.938793667136
9004,0.178918375615
2809,0.933055192737
9542,0.893881316759
3215,0.152567308533
6924,0.308113835393
7213,0.851847766132
3105,0.910374800163
9771,0.859586619946
632,0.837209301181
3232,0.724206054934
1543,0.325594459166
2164,0.862921628877
4559,0.223560474799
9530,0.364435740043
2033,0.414263806739
2842,0.283465514958
4186,0.179230325572
4078,0.218617450471
8093,0.87492105345
7286,0.688142600253
7044,0.858410151581
9234,0.478918536057
8536,0.234727899
307,0.916778003123
4382,0.914765452315
1350,0.187236304528
4632,0.712345352852
5639,0.366268341222
6445,0.328037907366
10511,0.138139183862
8601,0.218800902149
137,0.499063991854
2298,0.880489918147
8978,0.190538591933
7218,0.169036021018
856,0.419928937671
736,0.226984042539
7719,0.163314700329
3177,0.405042003373
2564,0.825483452224
3123,0.81028303678
4827,0.497522866454
6386,0.171282169425
708,0.810008990639
1414,0.964927042041
7190,0.672063295133
10298,0.393254946012
838,0.775893727277
10145,0.892607297067
3071,0.778853635056
5329,0.225555740346
462,0.585632159513
9809,0.252559044799
7279,0.89570339234
2707,0.184565659865
3671,0.790539577579
516,0.957685382168
10395,0.242203540028
8167,0.382195687344
2138,0.516915127479
5192,0.1547557448
1377,0.182064107358
1390,0.195836010521
1244,0.205950511022
8424,0.265297834144
205,0.234048492484
9592,0.57113539797
116,0.47016282381
8306,0.28195741474
7649,0.919712758892
9560,0.781563562431
2102,0.197402237856
10490,0.395355700837
97,0.593825721399
7618,0.395785446068
9413,0.189434369861
6148,0.741590089971
7147,0.943987575356
2430,0.950587042132
7539,0.923865221008
7475,0.765250848084
7796,0.935194333423
1582,0.516428264953
8454,0.190019323917
3164,0.263951667103
2375,0.942808476491
980,0.256863154103
10233,0.267168385697
2271,0.509482992908
7843,0.20505624176
6165,0.836205408254
3449,0.794321801365
8757,0.658736450129
9757,0.938130236544
6925,0.729723516183
6191,0.526078815081
6985,0.267853106689
9064,0.198100677406
2691,0.945894681848
657,0.322787151048
858,0.21369831373
6677,0.876721591697
642,0.428103941537
2627,0.301460590029
1569,0.857720187154
3674,0.190864631227
10095,0.381299656182
7423,0.330246111867
4993,0.218543516557
4983,0.188192706494
7070,0.907571709225
700,0.868661781042
2447,0.257681379742
2380,0.894234569694
8418,0.600113374565
1288,0.187998285152
9400,0.11407665543
8530,0.18570437126
784,0.16847064467
2969,0.348419992659
892,0.917771014974
5679,0.325484164572
4650,0.287506337322
994,0.930376408356
9751,0.727740265258
9462,0.183266181077
4958,0.923385092534
506,0.700251330165
4631,0.204249049142
4321,0.25200602364
5617,0.507310318371
7571,0.878356490657
6873,0.358048899124
7964,0.21031177937
4567,0.381499715355
7429,0.924909736944
3615,0.241123367472
8744,0.116932011571
1142,0.200470839297
6189,0.214949903525
3411,0.417659642647
9133,0.318896270502
5806,0.423628709633
2385,0.344668628175
801,0.757158633234
4672,0.280080123575
6530,0.612368347847
260,0.28832442632
6624,0.674733467035
2001,0.630487169676
8403,0.721374604759
4935,0.310779142367
7264,0.759661854197
9714,0.924199001635
5903,0.770266803802
3176,0.724912699002
7441,0.824803714993
